{
  "states": [
    {
      "abbrev": "US-AL",
      "name": "Alabama",
      "unemprate": 6.9,
      "income": 41415,
      "population": 4822023,
      "region": "south"
    },
    {
      "abbrev": "US-AK",
      "name": "Alaska",
      "unemprate": 6.7,
      "income": 67825,
      "population": 731449,
      "region": "west"
    },
    {
      "abbrev": "US-AZ",
      "name": "Arizona",
      "unemprate": 8.0,
      "income": 46709,
      "population": 6553255,
      "region": "west"
    },
    {
      "abbrev": "US-AR",
      "name": "Arkansas",
      "unemprate": 7.2,
      "income": 38758,
      "population": 2949131,
      "region": "south"
    },
    {
      "abbrev": "US-CA",
      "name": "California",
      "unemprate": 9.8,
      "income": 57287,
      "population": 38041430,
      "region": "west"
    },
    {
      "abbrev": "US-CO",
      "name": "Colorado",
      "unemprate": 7.3,
      "income": 55387,
      "population": 5187582,
      "region": "west"
    },
    {
      "abbrev": "US-CT",
      "name": "Connecticut",
      "unemprate": 8.1,
      "income": 65753,
      "population": 3590347,
      "region": "northeast"
    },
    {
      "abbrev": "US-DE",
      "name": "Delaware",
      "unemprate": 7.2,
      "income": 58814,
      "population": 917092,
      "region": "south"
    },
    {
      "abbrev": "US-DC",
      "name": "District of Columbia",
      "unemprate": 8.6,
      "income": 63124,
      "population": 632323,
      "region": "south"
    },
    {
      "abbrev": "US-FL",
      "name": "Florida",
      "unemprate": 7.8,
      "income": 44299,
      "population": 19317568,
      "region": "south"
    },
    {
      "abbrev": "US-GA",
      "name": "Georgia",
      "unemprate": 8.7,
      "income": 46007,
      "population": 9919945,
      "region": "south"
    },
    {
      "abbrev": "US-HI",
      "name": "Hawaii",
      "unemprate": 5.2,
      "income": 61821,
      "population": 1392313,
      "region": "west"
    },
    {
      "abbrev": "US-ID",
      "name": "Idaho",
      "unemprate": 6.3,
      "income": 43314,
      "population": 1595728,
      "region": "west"
    },
    {
      "abbrev": "US-IL",
      "name": "Illinois",
      "unemprate": 9.0,
      "income": 53234,
      "population": 12875255,
      "region": "midwest"
    },
    {
      "abbrev": "US-IN",
      "name": "Indiana",
      "unemprate": 8.6,
      "income": 46438,
      "population": 6537334,
      "region": "midwest"
    },
    {
      "abbrev": "US-IA",
      "name": "Iowa",
      "unemprate": 5.0,
      "income": 49427,
      "population": 3074186,
      "region": "midwest"
    },
    {
      "abbrev": "US-KS",
      "name": "Kansas",
      "unemprate": 5.5,
      "income": 48964,
      "population": 2885905,
      "region": "midwest"
    },
    {
      "abbrev": "US-KY",
      "name": "Kentucky",
      "unemprate": 7.9,
      "income": 41141,
      "population": 4380415,
      "region": "south"
    },
    {
      "abbrev": "US-LA",
      "name": "Louisiana",
      "unemprate": 5.9,
      "income": 41734,
      "population": 4601893,
      "region": "south"
    },
    {
      "abbrev": "US-ME",
      "name": "Maine",
      "unemprate": 7.3,
      "income": 46033,
      "population": 1329192,
      "region": "northeast"
    },
    {
      "abbrev": "US-MD",
      "name": "Maryland",
      "unemprate": 6.7,
      "income": 70004,
      "population": 5884563,
      "region": "south"
    },
    {
      "abbrev": "US-MA",
      "name": "Massachusettes",
      "unemprate": 6.7,
      "income": 62859,
      "population": 6646144,
      "region": "northeast"
    },
    {
      "abbrev": "US-MI",
      "name": "Michigan",
      "unemprate": 8.9,
      "income": 45981,
      "population": 9883360,
      "region": "midwest"
    },
    {
      "abbrev": "US-MN",
      "name": "Minnesota",
      "unemprate": 5.6,
      "income": 56954,
      "population": 5379139,
      "region": "midwest"
    },
    {
      "abbrev": "US-MS",
      "name": "Mississippi",
      "unemprate": 9.3,
      "income": 36919,
      "population": 2984926,
      "region": "south"
    },
    {
      "abbrev": "US-MO",
      "name": "Missouri",
      "unemprate": 6.5,
      "income": 45247,
      "population": 6021988,
      "region": "midwest"
    },
    {
      "abbrev": "US-MT",
      "name": "Montana",
      "unemprate": 5.7,
      "income": 44222,
      "population": 1005141,
      "region": "west"
    },
    {
      "abbrev": "US-NE",
      "name": "Nebraska",
      "unemprate": 3.8,
      "income": 50296,
      "population": 1855525,
      "region": "midwest"
    },
    {
      "abbrev": "US-NV",
      "name": "Nevada",
      "unemprate": 9.7,
      "income": 48927,
      "population": 2758931,
      "region": "west"
    },
    {
      "abbrev": "US-NH",
      "name": "New Hampshire",
      "unemprate": 5.8,
      "income": 62647,
      "population": 1320718,
      "region": "northeast"
    },
    {
      "abbrev": "US-NJ",
      "name": "New Jersey",
      "unemprate": 9.5,
      "income": 67458,
      "population": 8864590,
      "region": "northeast"
    },
    {
      "abbrev": "US-NM",
      "name": "New Mexico",
      "unemprate": 6.6,
      "income": 41963,
      "population": 2085538,
      "region": "west"
    },
    {
      "abbrev": "US-NY",
      "name": "New York",
      "unemprate": 8.4,
      "income": 55246,
      "population": 19570261,
      "region": "northeast"
    },
    {
      "abbrev": "US-NC",
      "name": "North Carolina",
      "unemprate": 9.5,
      "income": 43916,
      "population": 9752073,
      "region": "south"
    },
    {
      "abbrev": "US-ND",
      "name": "North Dakota",
      "unemprate": 3.3,
      "income": 51704,
      "population": 699628,
      "region": "midwest"
    },
    {
      "abbrev": "US-OH",
      "name": "Ohio",
      "unemprate": 7.0,
      "income": 45749,
      "population": 11544225,
      "region": "midwest"
    },
    {
      "abbrev": "US-OK",
      "name": "Oklahoma",
      "unemprate": 5.1,
      "income": 43225,
      "population": 3814820,
      "region": "south"
    },
    {
      "abbrev": "US-OR",
      "name": "Oregon",
      "unemprate": 8.4,
      "income": 46816,
      "population": 3899353,
      "region": "west"
    },
    {
      "abbrev": "US-PA",
      "name": "Pennsylvania",
      "unemprate": 8.2,
      "income": 50228,
      "population": 12763536,
      "region": "northeast"
    },
    {
      "abbrev": "US-RI",
      "name": "Rhode Island",
      "unemprate": 9.8,
      "income": 53636,
      "population": 1050292,
      "region": "northeast"
    },
    {
      "abbrev": "US-SC",
      "name": "South Carolina",
      "unemprate": 8.7,
      "income": 42367,
      "population": 4723723,
      "region": "south"
    },
    {
      "abbrev": "US-SD",
      "name": "South Dakota",
      "unemprate": 4.4,
      "income": 48321,
      "population": 833354,
      "region": "midwest"
    },
    {
      "abbrev": "US-TN",
      "name": "Tennessee",
      "unemprate": 7.7,
      "income": 41693,
      "population": 6456243,
      "region": "south"
    },
    {
      "abbrev": "US-TX",
      "name": "Texas",
      "unemprate": 6.3,
      "income": 49392,
      "population": 26059203,
      "region": "south"
    },
    {
      "abbrev": "US-UT",
      "name": "Utah",
      "unemprate": 5.4,
      "income": 55869,
      "population": 2855287,
      "region": "west"
    },
    {
      "abbrev": "US-VT",
      "name": "Vermont",
      "unemprate": 4.7,
      "income": 52776,
      "population": 626011,
      "region": "northeast"
    },
    {
      "abbrev": "US-VA",
      "name": "Virginia",
      "unemprate": 5.6,
      "income": 61882,
      "population": 8185867,
      "region": "south"
    },
    {
      "abbrev": "US-WA",
      "name": "Washington",
      "unemprate": 7.5,
      "income": 56835,
      "population": 6897012,
      "region": "west"
    },
    {
      "abbrev": "US-WV",
      "name": "West Virginia",
      "unemprate": 7.4,
      "income": 38482,
      "population": 1855413,
      "region": "south"
    },
    {
      "abbrev": "US-WI",
      "name": "Wisconsin",
      "unemprate": 7.0,
      "income": 50395,
      "population": 5726398,
      "region": "midwest"
    },
    {
      "abbrev": "US-WY",
      "name": "Wyoming",
      "unemprate": 4.9,
      "income": 56322,
      "population": 576412,
      "region": "west"
    }
  ]
}