<?xml version="1.0" encoding="utf-8" ?><dwsync><file name="bbox.coffee" server="ftp.deltabusinessapplications.com" local="3482964938" remote="3518107080" Dst="-1" /><file name="clipping.coffee" server="ftp.deltabusinessapplications.com" local="3482964938" remote="3518107080" Dst="-1" /><file name="kartograph.coffee" server="ftp.deltabusinessapplications.com" local="3482964938" remote="3518107080" Dst="-1" /><file name="lonlat.coffee" server="ftp.deltabusinessapplications.com" local="3482964938" remote="3518107080" Dst="-1" /><file name="maplayer.coffee" server="ftp.deltabusinessapplications.com" local="3482964938" remote="3518107080" Dst="-1" /><file name="parsecss.coffee" server="ftp.deltabusinessapplications.com" local="3482964938" remote="3518107080" Dst="-1" /><file name="path.coffee" server="ftp.deltabusinessapplications.com" local="3482964938" remote="3518107080" Dst="-1" /><file name="maplayerpath.coffee" server="ftp.deltabusinessapplications.com" local="3482964938" remote="3518107080" Dst="-1" /><file name="view.coffee" server="ftp.deltabusinessapplications.com" local="3482964938" remote="3518107080" Dst="-1" /><file name="proj.coffee" server="ftp.deltabusinessapplications.com" local="3482964938" remote="3518107080" Dst="-1" /></dwsync>