<?xml version="1.0" encoding="utf-8" ?><dwsync><file name="chroma.colors.js" server="ftp.deltabusinessapplications.com" local="3482964938" remote="3518107080" Dst="-1" /><file name="chroma.js" server="ftp.deltabusinessapplications.com" local="3482964938" remote="3518107080" Dst="-1" /><file name="colorbrewer.css" server="ftp.deltabusinessapplications.com" local="3482964938" remote="3518107080" Dst="-1" /><file name="dat.gui.min.js" server="ftp.deltabusinessapplications.com" local="3482964938" remote="3518107080" Dst="-1" /><file name="jquery.assets.js" server="ftp.deltabusinessapplications.com" local="3482964938" remote="3518107080" Dst="-1" /><file name="jquery.csv.js" server="ftp.deltabusinessapplications.com" local="3482964938" remote="3518107080" Dst="-1" /><file name="jquery.min.js" server="ftp.deltabusinessapplications.com" local="3482964938" remote="3518107080" Dst="-1" /><file name="jquery.parsecsv.js" server="ftp.deltabusinessapplications.com" local="3482964938" remote="3518107080" Dst="-1" /><file name="proj4js-compressed.js" server="ftp.deltabusinessapplications.com" local="3482964938" remote="3518107080" Dst="-1" /><file name="raphael-min.js" server="ftp.deltabusinessapplications.com" local="3482964938" remote="3518107080" Dst="-1" /></dwsync>