<?xml version="1.0" encoding="utf-8" ?><dwsync><file name=".DS_Store" server="ftp.deltabusinessapplications.com" local="3516454733" remote="3518107020" Dst="-1" /><file name="bootstrap-image-gallery.min.css" server="ftp.deltabusinessapplications.com" local="3516533310" remote="3518107020" Dst="-1" /><file name="bootstrap-theme.css" server="ftp.deltabusinessapplications.com" local="3509354528" remote="3518107020" Dst="-1" /><file name="bootstrap-theme.css.map" server="ftp.deltabusinessapplications.com" local="3509354528" remote="3518107020" Dst="-1" /><file name="bootstrap-theme.min.css" server="ftp.deltabusinessapplications.com" local="3509354530" remote="3518107020" Dst="-1" /><file name="bootstrap.min.css" server="ftp.deltabusinessapplications.com" local="3509354530" remote="3518107020" Dst="-1" /><file name="bootstrap.css" server="ftp.deltabusinessapplications.com" local="3509354530" remote="3518107020" Dst="-1" /><file name="custom.css" server="ftp.deltabusinessapplications.com" local="3517693472" remote="3518107020" Dst="-1" /><file name="bootstrap.css.map" server="ftp.deltabusinessapplications.com" local="3509354528" remote="3518107020" Dst="-1" /><file name="material.min.css" server="ftp.deltabusinessapplications.com" local="3516438545" remote="3518107020" Dst="-1" /><file name="material.css" server="ftp.deltabusinessapplications.com" local="3516437754" remote="3518107020" Dst="-1" /></dwsync>