<?xml version="1.0" encoding="utf-8" ?><dwsync><file name=".DS_Store" server="ftp.deltabusinessapplications.com" local="3518090975" remote="3518107020" Dst="-1" /><file name="bootstrap-image-gallery.min.js" server="ftp.deltabusinessapplications.com" local="3516533261" remote="3518107080" Dst="-1" /><file name="bootstrap.js" server="ftp.deltabusinessapplications.com" local="3509354530" remote="3518107080" Dst="-1" /><file name="bootstrap.min.js" server="ftp.deltabusinessapplications.com" local="3509354530" remote="3518107080" Dst="-1" /><file name="chart.js" server="ftp.deltabusinessapplications.com" local="3516544446" remote="3518107080" Dst="-1" /><file name="jquery.smooth-scroll.min.js" server="ftp.deltabusinessapplications.com" local="3495019134" remote="3518107080" Dst="-1" /><file name="modernizr.custom.11429.js" server="ftp.deltabusinessapplications.com" local="3518088115" remote="3518107080" Dst="-1" /><file name="myMap.js" server="ftp.deltabusinessapplications.com" local="3517953416" remote="3518107080" Dst="-1" /><file name="myModernizr.js" server="ftp.deltabusinessapplications.com" local="3518107564" remote="3518107080" Dst="-1" /><file name="npm.js" server="ftp.deltabusinessapplications.com" local="3509354530" remote="3518107080" Dst="-1" /><file name="states.json" server="ftp.deltabusinessapplications.com" local="3516541117" remote="3518107080" Dst="-1" /></dwsync>